http://www.vurt.ru/2009/12/maillist, http://www.vurt.ru/2009/12/maillist/
http://www.vurt.ru/2009/12/Hot-handler, http://www.vurt.ru/2009/12/Hot-handler/
http://localhost:8116/2011/03/Test, http://localhost:8116/2011/03/Test/
http://www.vurt.ru/2009/12/Google-Wave, http://www.vurt.ru/2009/12/Google-Wave/
http://www.vurt.ru/2011/03/FAQ, http://www.vurt.ru/2011/03/FAQ/
http://www.vurt.ru/2011/03/FAQ-1, http://www.vurt.ru/2011/03/FAQ-1/
http://www.vurt.ru/2011/03/open-source-GAE, http://www.vurt.ru/2011/03/open-source-GAE/
http://www.vurt.ru/2011/03/1-2-8-SDK, http://www.vurt.ru/2011/03/1-2-8-SDK/
http://www.vurt.ru/2011/03/GAE-Amazon-EC2, http://www.vurt.ru/2011/03/GAE-Amazon-EC2/
http://www.vurt.ru/2011/03/Use-Case-SnapABug, http://www.vurt.ru/2011/03/Use-Case-SnapABug/
http://www.vurt.ru/2011/03/, http://www.vurt.ru/2011/03/
http://www.vurt.ru/2011/03/SMS, http://www.vurt.ru/2011/03/SMS/
http://www.vurt.ru/2011/03/-1, http://www.vurt.ru/2011/03/-1/
http://www.vurt.ru/2011/03/19, http://www.vurt.ru/2011/03/19/
http://www.vurt.ru/2011/03/Javascript, http://www.vurt.ru/2011/03/Javascript/
http://www.vurt.ru/2011/03/-3, http://www.vurt.ru/2011/03/-3/
http://www.vurt.ru/2011/03/19-1, http://www.vurt.ru/2011/03/19-1/
http://www.vurt.ru/2011/03/Google-App-Engine, http://www.vurt.ru/2011/03/Google-App-Engine/
http://www.vurt.ru/2011/03/Kyiv-GTUG---Google-App-Engine, http://www.vurt.ru/2011/03/Kyiv-GTUG---Google-App-Engine/
http://www.vurt.ru/2011/03/PyCamp-30, http://www.vurt.ru/2011/03/PyCamp-30/
http://www.vurt.ru/2011/03/-4, http://www.vurt.ru/2011/03/-4/
http://www.vurt.ru/2011/03/Google-I-O-2009---Scalable-Complex-Apps-on-App-Engine, http://www.vurt.ru/2011/03/Google-I-O-2009---Scalable-Complex-Apps-on-App-Engine/
http://www.vurt.ru/2011/03/-5, http://www.vurt.ru/2011/03/-5/
http://www.vurt.ru/2011/03/SDK-1-3-1, http://www.vurt.ru/2011/03/SDK-1-3-1/
http://www.vurt.ru/2011/03/Python, http://www.vurt.ru/2011/03/Python/
http://www.vurt.ru/2011/03/SQLite-SDK, http://www.vurt.ru/2011/03/SQLite-SDK/
http://www.vurt.ru/2011/03/Microsoft-Azure, http://www.vurt.ru/2011/03/Microsoft-Azure/
http://www.vurt.ru/2011/03/Experika-com, http://www.vurt.ru/2011/03/Experika-com/
http://www.vurt.ru/2011/03/Google-SQL-Service-GAE, http://www.vurt.ru/2011/03/Google-SQL-Service-GAE/
http://www.vurt.ru/2011/03/Experika-com-1, http://www.vurt.ru/2011/03/Experika-com-1/
http://www.vurt.ru/2011/03/GAE-2, http://www.vurt.ru/2011/03/GAE-2/
http://www.vurt.ru/2011/03/Apptrace, http://www.vurt.ru/2011/03/Apptrace/
http://www.vurt.ru/2011/03/Matcher-API, http://www.vurt.ru/2011/03/Matcher-API/
http://www.vurt.ru/2011/03/Tools-and-Tips, http://www.vurt.ru/2011/03/Tools-and-Tips/
http://www.vurt.ru/2011/03/API-Google-Storage-Prediction-Api-BigQuery, http://www.vurt.ru/2011/03/API-Google-Storage-Prediction-Api-BigQuery/
http://www.vurt.ru/2011/03/UniversITy-2011-25, http://www.vurt.ru/2011/03/UniversITy-2011-25/
http://www.vurt.ru/2011/03/Microsoft-Azure?fb_xd_fragment, http://www.vurt.ru/2011/03/Microsoft-Azure?fb_xd_fragment/
http://www.vurt.ru/2011/03/GAE-1, http://www.vurt.ru/2011/03/GAE-1/
http://www.vurt.ru/2011/03/Vurt-ru, http://www.vurt.ru/2011/03/Vurt-ru/
http://www.vurt.ru/2011/03/AppEnginePeople, http://www.vurt.ru/2011/03/AppEnginePeople/
http://www.vurt.ru/2011/03/bootstrap-py, http://www.vurt.ru/2011/03/bootstrap-py/
http://www.vurt.ru/2011/03/Prerelease-SDK-1-3-8, http://www.vurt.ru/2011/03/Prerelease-SDK-1-3-8/
http://www.vurt.ru/2011/03/Google-Developer-Day-Japan, http://www.vurt.ru/2011/03/Google-Developer-Day-Japan/
http://www.vurt.ru/2009/12/Torrent-tracker, http://www.vurt.ru/2009/12/Torrent-tracker/
http://www.vurt.ru/2011/03/-2, http://www.vurt.ru/2011/03/-2/
http://www.vurt.ru/2011/03/GAE, http://www.vurt.ru/2011/03/GAE/
http://www.vurt.ru/2011/03/-6, http://www.vurt.ru/2011/03/-6/
http://www.vurt.ru/2011/03/HB-GAE, http://www.vurt.ru/2011/03/HB-GAE/
http://www.vurt.ru/2011/03/pycamp, http://www.vurt.ru/2011/03/pycamp/
http://www.vurt.ru/2011/03/Gum-Wars-App-Engine, http://www.vurt.ru/2011/03/Gum-Wars-App-Engine/
http://www.vurt.ru/2011/04/Tipfy, http://www.vurt.ru/2011/04/Tipfy/
http://www.vurt.ru/2011/04/Tipfy?fb_xd_fragment, http://www.vurt.ru/2011/04/Tipfy/
http://www.vurt.ru/2011/04/Python-SSL-OSX, http://www.vurt.ru/2011/04/Python-SSL-OSX/
http://www.vurt.ru/2011/04/Dnepr-GTUG, http://www.vurt.ru/2011/04/Dnepr-GTUG/
http://www.vurt.ru/2011/03/GAEJ-Experiments, http://www.vurt.ru/2011/03/GAEJ-Experiments/
http://www.vurt.ru/2011/03/PyCon-23-24, http://www.vurt.ru/2011/03/PyCon-23-24/
http://www.vurt.ru/2011/04/, http://www.vurt.ru/2011/04/
http://www.vurt.ru/2011/04/GTUG-28, http://www.vurt.ru/2011/04/GTUG-28/
http://www.vurt.ru/2011/04/-1, http://www.vurt.ru/2011/04/-1/
http://www.vurt.ru/2011/04/officialroyalwedding2011, http://www.vurt.ru/2011/04/officialroyalwedding2011/
http://www.vurt.ru/2011/05/Golang, http://www.vurt.ru/2011/05/Golang/
http://www.vurt.ru/2011/03/-7, http://www.vurt.ru/2011/03/-7/
http://www.vurt.ru/2011/03/Eclipse-NetBeans, http://www.vurt.ru/2011/03/Eclipse-NetBeans/
http://www.vurt.ru/2011/03/1-3-3, http://www.vurt.ru/2011/03/1-3-3/
http://www.vurt.ru/2011/08/Buildout-1, http://www.vurt.ru/2011/08/Buildout-1/
http://www.vurt.ru/2011/08/Python-2-7, http://www.vurt.ru/2011/08/Python-2-7/
http://www.vurt.ru/2011/09/PyCon-2011-22-23-2011, http://www.vurt.ru/2011/09/PyCon-2011-22-23-2011/
http://www.vurt.ru/2011/11/Growl-1-3-x-Lion, http://www.vurt.ru/2011/11/Growl-1-3-x-Lion/
http://www.vurt.ru/2011/11/GAE-is-for-porn, http://www.vurt.ru/2011/11/GAE-is-for-porn/
http://www.vurt.ru/2011/11/Odessa-py-drinkup, http://www.vurt.ru/2011/11/Odessa-py-drinkup/
http://www.vurt.ru/2011/12/Donutor-Vurt-ru, http://www.vurt.ru/2011/12/Donutor-Vurt-ru/
http://www.vurt.ru/2011/12/System-buildout, http://www.vurt.ru/2011/12/System-buildout/
http://www.vurt.ru/2011/12/buildout-configs, http://www.vurt.ru/2011/12/buildout-configs/
http://www.vurt.ru/2011/03/GTUG, http://www.vurt.ru/2011/03/GTUG/
http://www.vurt.ru/2012/01/Odessapy-drinkup, http://www.vurt.ru/2012/01/Odessapy-drinkup/
http://www.vurt.ru/2012/01/startup, http://www.vurt.ru/2012/01/startup/
http://www.vurt.ru/2012/01/RFC-formgear, http://www.vurt.ru/2012/01/RFC-formgear/